{
  "systems": [
    {
      "system_name": "Mem0",
      "summary": {
        "question_count": 900,
        "qa_accuracy": 0.45444444444444443,
        "answerable_accuracy": 0.45444444444444443,
        "gold_coverage_at_k": 0.43277777777777776,
        "complete_support_rate": 0.28,
        "answerable_zero_gold_rate": 0.39222222222222225,
        "answerable_zero_gold_count": 353,
        "correct_without_complete_support_rate": 0.4547677261613692,
        "correct_avg_matched_node_count": 3.4938875305623474,
        "correct_avg_gold_coverage": 0.6648329258353709,
        "distractor_to_gold_ratio": 1.9694444444444446,
        "retrieval_latency_ms": 417.71070268419055,
        "retrieved_context_token_count": 159.85333333333332
      },
      "question_count": 900
    }
  ]
}
