{
  "system_name": "Mem0",
  "summary": {
    "overall": {
      "question_count": 900,
      "qa_accuracy": 0.45444444444444443,
      "answerable_accuracy": 0.45444444444444443,
      "gold_coverage_at_k": 0.6618518518518518,
      "complete_support_rate": 0.4911111111111111,
      "answerable_zero_gold_rate": 0.18444444444444444,
      "answerable_zero_gold_count": 166,
      "correct_without_complete_support_rate": 0.11491442542787286,
      "correct_avg_matched_node_count": 5.200488997555012,
      "correct_avg_gold_coverage": 0.9492665036674817,
      "distractor_to_gold_ratio": 2.3452777777777776,
      "retrieval_latency_ms": 417.71070268419055,
      "retrieved_context_token_count": 159.85333333333332
    },
    "breakdowns": {
      "domain": {
        "github_evolution": {
          "question_count": 900,
          "qa_accuracy": 0.45444444444444443,
          "answerable_accuracy": 0.45444444444444443,
          "gold_coverage_at_k": 0.6618518518518518,
          "complete_support_rate": 0.4911111111111111,
          "answerable_zero_gold_rate": 0.18444444444444444,
          "answerable_zero_gold_count": 166,
          "correct_without_complete_support_rate": 0.11491442542787286,
          "correct_avg_matched_node_count": 5.200488997555012,
          "correct_avg_gold_coverage": 0.9492665036674817,
          "distractor_to_gold_ratio": 2.3452777777777776,
          "retrieval_latency_ms": 417.71070268419055,
          "retrieved_context_token_count": 159.85333333333332
        }
      },
      "split": {
        "prototype": {
          "question_count": 900,
          "qa_accuracy": 0.45444444444444443,
          "answerable_accuracy": 0.45444444444444443,
          "gold_coverage_at_k": 0.6618518518518518,
          "complete_support_rate": 0.4911111111111111,
          "answerable_zero_gold_rate": 0.18444444444444444,
          "answerable_zero_gold_count": 166,
          "correct_without_complete_support_rate": 0.11491442542787286,
          "correct_avg_matched_node_count": 5.200488997555012,
          "correct_avg_gold_coverage": 0.9492665036674817,
          "distractor_to_gold_ratio": 2.3452777777777776,
          "retrieval_latency_ms": 417.71070268419055,
          "retrieved_context_token_count": 159.85333333333332
        }
      },
      "task_type": {
        "cross_version_comparison": {
          "question_count": 300,
          "qa_accuracy": 0.44666666666666666,
          "answerable_accuracy": 0.44666666666666666,
          "gold_coverage_at_k": 0.64,
          "complete_support_rate": 0.45666666666666667,
          "answerable_zero_gold_rate": 0.17666666666666667,
          "answerable_zero_gold_count": 53,
          "correct_without_complete_support_rate": 0.1865671641791045,
          "correct_avg_matched_node_count": 6.902985074626866,
          "correct_avg_gold_coverage": 0.9029850746268657,
          "distractor_to_gold_ratio": 3.5316666666666667,
          "retrieval_latency_ms": 415.7949074109395,
          "retrieved_context_token_count": 174.46333333333334
        },
        "single_state_lookup": {
          "question_count": 300,
          "qa_accuracy": 0.6566666666666666,
          "answerable_accuracy": 0.6566666666666666,
          "gold_coverage_at_k": 0.71,
          "complete_support_rate": 0.71,
          "answerable_zero_gold_rate": 0.29,
          "answerable_zero_gold_count": 87,
          "correct_without_complete_support_rate": 0.005076142131979695,
          "correct_avg_matched_node_count": 2.9289340101522843,
          "correct_avg_gold_coverage": 0.9949238578680203,
          "distractor_to_gold_ratio": 0.8566666666666667,
          "retrieval_latency_ms": 412.1859590212504,
          "retrieved_context_token_count": 90.71666666666667
        },
        "temporal_version_ordering": {
          "question_count": 300,
          "qa_accuracy": 0.26,
          "answerable_accuracy": 0.26,
          "gold_coverage_at_k": 0.6355555555555555,
          "complete_support_rate": 0.30666666666666664,
          "answerable_zero_gold_rate": 0.08666666666666667,
          "answerable_zero_gold_count": 26,
          "correct_without_complete_support_rate": 0.2692307692307692,
          "correct_avg_matched_node_count": 8.012820512820513,
          "correct_avg_gold_coverage": 0.9134615384615384,
          "distractor_to_gold_ratio": 2.6475,
          "retrieval_latency_ms": 425.15124162038165,
          "retrieved_context_token_count": 214.38
        }
      },
      "difficulty_level": {
        "high": {
          "question_count": 600,
          "qa_accuracy": 0.35333333333333333,
          "answerable_accuracy": 0.35333333333333333,
          "gold_coverage_at_k": 0.6377777777777778,
          "complete_support_rate": 0.38166666666666665,
          "answerable_zero_gold_rate": 0.13166666666666665,
          "answerable_zero_gold_count": 79,
          "correct_without_complete_support_rate": 0.2169811320754717,
          "correct_avg_matched_node_count": 7.311320754716981,
          "correct_avg_gold_coverage": 0.9068396226415094,
          "distractor_to_gold_ratio": 3.089583333333333,
          "retrieval_latency_ms": 420.4730745156606,
          "retrieved_context_token_count": 194.42166666666665
        },
        "low": {
          "question_count": 300,
          "qa_accuracy": 0.6566666666666666,
          "answerable_accuracy": 0.6566666666666666,
          "gold_coverage_at_k": 0.71,
          "complete_support_rate": 0.71,
          "answerable_zero_gold_rate": 0.29,
          "answerable_zero_gold_count": 87,
          "correct_without_complete_support_rate": 0.005076142131979695,
          "correct_avg_matched_node_count": 2.9289340101522843,
          "correct_avg_gold_coverage": 0.9949238578680203,
          "distractor_to_gold_ratio": 0.8566666666666667,
          "retrieval_latency_ms": 412.1859590212504,
          "retrieved_context_token_count": 90.71666666666667
        }
      },
      "answer_format": {
        "multiple_choice": {
          "question_count": 900,
          "qa_accuracy": 0.45444444444444443,
          "answerable_accuracy": 0.45444444444444443,
          "gold_coverage_at_k": 0.6618518518518518,
          "complete_support_rate": 0.4911111111111111,
          "answerable_zero_gold_rate": 0.18444444444444444,
          "answerable_zero_gold_count": 166,
          "correct_without_complete_support_rate": 0.11491442542787286,
          "correct_avg_matched_node_count": 5.200488997555012,
          "correct_avg_gold_coverage": 0.9492665036674817,
          "distractor_to_gold_ratio": 2.3452777777777776,
          "retrieval_latency_ms": 417.71070268419055,
          "retrieved_context_token_count": 159.85333333333332
        }
      }
    },
    "notes": {
      "task_type": "recommended as the main task-structure breakdown when available because it directly reflects the benchmark's target question types.",
      "difficulty_level": "retained as a default breakdown because low/high still provides a compact view of evidence complexity without requiring gold-node-count grouping in the main paper.",
      "gold_node_count": "retained per question for optional appendix analysis because it indicates how many version-memory nodes are required to support an answer.",
      "retrieval_failure_metric": "answerable_zero_gold_rate measures how often an answerable question retrieved no gold support at all; correct_without_complete_support_rate measures how often a correct answer was produced without fully retrieving the required gold evidence.",
      "correct_answer_retrieval_metric": "correct_avg_matched_node_count and correct_avg_gold_coverage characterize how much chain evidence the retriever actually returned on questions that were answered correctly.",