{
  "system_name": "Mem0",
  "summary": {
    "overall": {
      "question_count": 900,
      "qa_accuracy": 0.45444444444444443,
      "answerable_accuracy": 0.45444444444444443,
      "gold_coverage_at_k": 0.43277777777777776,
      "complete_support_rate": 0.28,
      "answerable_zero_gold_rate": 0.39222222222222225,
      "answerable_zero_gold_count": 353,
      "correct_without_complete_support_rate": 0.4547677261613692,
      "correct_avg_matched_node_count": 3.4938875305623474,
      "correct_avg_gold_coverage": 0.6648329258353709,
      "distractor_to_gold_ratio": 1.9694444444444446,
      "retrieval_latency_ms": 417.71070268419055,
      "retrieved_context_token_count": 159.85333333333332
    },
    "breakdowns": {
      "domain": {
        "github_evolution": {
          "question_count": 900,
          "qa_accuracy": 0.45444444444444443,
          "answerable_accuracy": 0.45444444444444443,
          "gold_coverage_at_k": 0.43277777777777776,
          "complete_support_rate": 0.28,
          "answerable_zero_gold_rate": 0.39222222222222225,
          "answerable_zero_gold_count": 353,
          "correct_without_complete_support_rate": 0.4547677261613692,
          "correct_avg_matched_node_count": 3.4938875305623474,
          "correct_avg_gold_coverage": 0.6648329258353709,
          "distractor_to_gold_ratio": 1.9694444444444446,
          "retrieval_latency_ms": 417.71070268419055,
          "retrieved_context_token_count": 159.85333333333332
        }
      },
      "split": {
        "prototype": {
          "question_count": 900,
          "qa_accuracy": 0.45444444444444443,
          "answerable_accuracy": 0.45444444444444443,
          "gold_coverage_at_k": 0.43277777777777776,
          "complete_support_rate": 0.28,
          "answerable_zero_gold_rate": 0.39222222222222225,
          "answerable_zero_gold_count": 353,
          "correct_without_complete_support_rate": 0.4547677261613692,
          "correct_avg_matched_node_count": 3.4938875305623474,
          "correct_avg_gold_coverage": 0.6648329258353709,
          "distractor_to_gold_ratio": 1.9694444444444446,
          "retrieval_latency_ms": 417.71070268419055,
          "retrieved_context_token_count": 159.85333333333332
        }
      },
      "task_type": {
        "cross_version_comparison": {
          "question_count": 300,
          "qa_accuracy": 0.44666666666666666,
          "answerable_accuracy": 0.44666666666666666,
          "gold_coverage_at_k": 0.43666666666666665,
          "complete_support_rate": 0.25,
          "answerable_zero_gold_rate": 0.37666666666666665,
          "answerable_zero_gold_count": 113,
          "correct_without_complete_support_rate": 0.48507462686567165,
          "correct_avg_matched_node_count": 4.58955223880597,
          "correct_avg_gold_coverage": 0.6940298507462687,
          "distractor_to_gold_ratio": 2.5933333333333333,
          "retrieval_latency_ms": 415.7949074109395,
          "retrieved_context_token_count": 174.46333333333334
        },
        "single_state_lookup": {
          "question_count": 300,
          "qa_accuracy": 0.6566666666666666,
          "answerable_accuracy": 0.6566666666666666,
          "gold_coverage_at_k": 0.4777777777777778,
          "complete_support_rate": 0.4766666666666667,
          "answerable_zero_gold_rate": 0.52,
          "answerable_zero_gold_count": 156,
          "correct_without_complete_support_rate": 0.3197969543147208,
          "correct_avg_matched_node_count": 2.050761421319797,
          "correct_avg_gold_coverage": 0.6802030456852792,
          "distractor_to_gold_ratio": 0.8366666666666667,
          "retrieval_latency_ms": 412.1859590212504,
          "retrieved_context_token_count": 90.71666666666667
        },
        "temporal_version_ordering": {
          "question_count": 300,
          "qa_accuracy": 0.26,
          "answerable_accuracy": 0.26,
          "gold_coverage_at_k": 0.3838888888888889,
          "complete_support_rate": 0.11333333333333333,
          "answerable_zero_gold_rate": 0.28,
          "answerable_zero_gold_count": 84,
          "correct_without_complete_support_rate": 0.7435897435897436,
          "correct_avg_matched_node_count": 5.256410256410256,
          "correct_avg_gold_coverage": 0.5758547008547008,
          "distractor_to_gold_ratio": 2.4783333333333335,
          "retrieval_latency_ms": 425.15124162038165,
          "retrieved_context_token_count": 214.38
        }
      },
      "difficulty_level": {
        "high": {
          "question_count": 600,
          "qa_accuracy": 0.35333333333333333,
          "answerable_accuracy": 0.35333333333333333,
          "gold_coverage_at_k": 0.41027777777777774,
          "complete_support_rate": 0.18166666666666667,
          "answerable_zero_gold_rate": 0.3283333333333333,
          "answerable_zero_gold_count": 197,
          "correct_without_complete_support_rate": 0.5801886792452831,
          "correct_avg_matched_node_count": 4.834905660377358,
          "correct_avg_gold_coverage": 0.6505503144654088,
          "distractor_to_gold_ratio": 2.535833333333333,
          "retrieval_latency_ms": 420.4730745156606,
          "retrieved_context_token_count": 194.42166666666665
        },
        "low": {
          "question_count": 300,
          "qa_accuracy": 0.6566666666666666,
          "answerable_accuracy": 0.6566666666666666,
          "gold_coverage_at_k": 0.4777777777777778,
          "complete_support_rate": 0.4766666666666667,
          "answerable_zero_gold_rate": 0.52,
          "answerable_zero_gold_count": 156,
          "correct_without_complete_support_rate": 0.3197969543147208,
          "correct_avg_matched_node_count": 2.050761421319797,
          "correct_avg_gold_coverage": 0.6802030456852792,
          "distractor_to_gold_ratio": 0.8366666666666667,
          "retrieval_latency_ms": 412.1859590212504,
          "retrieved_context_token_count": 90.71666666666667
        }
      },
      "answer_format": {
        "multiple_choice": {
          "question_count": 900,
          "qa_accuracy": 0.45444444444444443,
          "answerable_accuracy": 0.45444444444444443,
          "gold_coverage_at_k": 0.43277777777777776,
          "complete_support_rate": 0.28,
          "answerable_zero_gold_rate": 0.39222222222222225,
          "answerable_zero_gold_count": 353,
          "correct_without_complete_support_rate": 0.4547677261613692,
          "correct_avg_matched_node_count": 3.4938875305623474,
          "correct_avg_gold_coverage": 0.6648329258353709,
          "distractor_to_gold_ratio": 1.9694444444444446,
          "retrieval_latency_ms": 417.71070268419055,
          "retrieved_context_token_count": 159.85333333333332
        }
      }
    },
    "notes": {
      "task_type": "recommended as the main task-structure breakdown when available because it directly reflects the benchmark's target question types.",
      "difficulty_level": "retained as a default breakdown because low/high still provides a compact view of evidence complexity without requiring gold-node-count grouping in the main paper.",
      "gold_node_count": "retained per question for optional appendix analysis because it indicates how many version-memory nodes are required to support an answer.",
      "retrieval_failure_metric": "answerable_zero_gold_rate measures how often an answerable question retrieved no gold support at all; correct_without_complete_support_rate measures how often a correct answer was produced without fully retrieving the required gold evidence.",
      "correct_answer_retrieval_metric": "correct_avg_matched_node_count and correct_avg_gold_coverage characterize how much chain evidence the retriever actually returned on questions that were answered correctly.",