{
  "systems": [
    {
      "system_name": "Mem0",
      "summary": {
        "question_count": 900,
        "qa_accuracy": 0.5066666666666667,
        "answerable_accuracy": 0.5066666666666667,
        "gold_coverage_at_k": 0.5611111111111111,
        "complete_support_rate": 0.38666666666666666,
        "answerable_zero_gold_rate": 0.2688888888888889,
        "answerable_zero_gold_count": 242,
        "correct_without_complete_support_rate": 0.29385964912280704,
        "correct_avg_matched_node_count": 5.3464912280701755,
        "correct_avg_gold_coverage": 0.8128654970760234,
        "distractor_to_gold_ratio": 2.6783333333333332,
        "retrieval_latency_ms": 2347.160605324639,
        "retrieved_context_token_count": 400.1977777777778
      },
      "question_count": 900
    }
  ]
}
