{
  "system_name": "Mem0",
  "summary": {
    "overall": {
      "question_count": 900,
      "qa_accuracy": 0.5066666666666667,
      "answerable_accuracy": 0.5066666666666667,
      "gold_coverage_at_k": 0.5611111111111111,
      "complete_support_rate": 0.38666666666666666,
      "answerable_zero_gold_rate": 0.2688888888888889,
      "answerable_zero_gold_count": 242,
      "correct_without_complete_support_rate": 0.29385964912280704,
      "correct_avg_matched_node_count": 5.3464912280701755,
      "correct_avg_gold_coverage": 0.8128654970760234,
      "distractor_to_gold_ratio": 2.6783333333333332,
      "retrieval_latency_ms": 2347.160605324639,
      "retrieved_context_token_count": 400.1977777777778
    },
    "breakdowns": {
      "domain": {
        "github_evolution": {
          "question_count": 900,
          "qa_accuracy": 0.5066666666666667,
          "answerable_accuracy": 0.5066666666666667,
          "gold_coverage_at_k": 0.5611111111111111,
          "complete_support_rate": 0.38666666666666666,
          "answerable_zero_gold_rate": 0.2688888888888889,
          "answerable_zero_gold_count": 242,
          "correct_without_complete_support_rate": 0.29385964912280704,
          "correct_avg_matched_node_count": 5.3464912280701755,
          "correct_avg_gold_coverage": 0.8128654970760234,
          "distractor_to_gold_ratio": 2.6783333333333332,
          "retrieval_latency_ms": 2347.160605324639,
          "retrieved_context_token_count": 400.1977777777778
        }
      },
      "split": {
        "prototype": {
          "question_count": 900,
          "qa_accuracy": 0.5066666666666667,
          "answerable_accuracy": 0.5066666666666667,
          "gold_coverage_at_k": 0.5611111111111111,
          "complete_support_rate": 0.38666666666666666,
          "answerable_zero_gold_rate": 0.2688888888888889,
          "answerable_zero_gold_count": 242,
          "correct_without_complete_support_rate": 0.29385964912280704,
          "correct_avg_matched_node_count": 5.3464912280701755,
          "correct_avg_gold_coverage": 0.8128654970760234,
          "distractor_to_gold_ratio": 2.6783333333333332,
          "retrieval_latency_ms": 2347.160605324639,
          "retrieved_context_token_count": 400.1977777777778
        }
      },
      "task_type": {
        "cross_version_comparison": {
          "question_count": 300,
          "qa_accuracy": 0.49666666666666665,
          "answerable_accuracy": 0.49666666666666665,
          "gold_coverage_at_k": 0.54,
          "complete_support_rate": 0.35333333333333333,
          "answerable_zero_gold_rate": 0.2733333333333333,
          "answerable_zero_gold_count": 82,
          "correct_without_complete_support_rate": 0.3288590604026846,
          "correct_avg_matched_node_count": 6.879194630872483,
          "correct_avg_gold_coverage": 0.8087248322147651,
          "distractor_to_gold_ratio": 3.8716666666666666,
          "retrieval_latency_ms": 2821.917997201284,
          "retrieved_context_token_count": 473.3933333333333
        },
        "single_state_lookup": {
          "question_count": 300,
          "qa_accuracy": 0.68,
          "answerable_accuracy": 0.68,
          "gold_coverage_at_k": 0.5944444444444444,
          "complete_support_rate": 0.5933333333333334,
          "answerable_zero_gold_rate": 0.4033333333333333,
          "answerable_zero_gold_count": 121,
          "correct_without_complete_support_rate": 0.1568627450980392,
          "correct_avg_matched_node_count": 2.6519607843137254,
          "correct_avg_gold_coverage": 0.8431372549019608,
          "distractor_to_gold_ratio": 0.9466666666666667,
          "retrieval_latency_ms": 2268.685394128164,
          "retrieved_context_token_count": 206.62333333333333
        },
        "temporal_version_ordering": {
          "question_count": 300,
          "qa_accuracy": 0.3433333333333333,
          "answerable_accuracy": 0.3433333333333333,
          "gold_coverage_at_k": 0.5488888888888889,
          "complete_support_rate": 0.21333333333333335,
          "answerable_zero_gold_rate": 0.13,
          "answerable_zero_gold_count": 39,
          "correct_without_complete_support_rate": 0.5145631067961165,
          "correct_avg_matched_node_count": 8.466019417475728,
          "correct_avg_gold_coverage": 0.7588996763754046,
          "distractor_to_gold_ratio": 3.216666666666667,
          "retrieval_latency_ms": 1950.8784246444702,
          "retrieved_context_token_count": 520.5766666666667
        }
      },
      "difficulty_level": {
        "high": {
          "question_count": 600,
          "qa_accuracy": 0.42,
          "answerable_accuracy": 0.42,
          "gold_coverage_at_k": 0.5444444444444445,
          "complete_support_rate": 0.2833333333333333,
          "answerable_zero_gold_rate": 0.20166666666666666,
          "answerable_zero_gold_count": 121,
          "correct_without_complete_support_rate": 0.40476190476190477,
          "correct_avg_matched_node_count": 7.527777777777778,
          "correct_avg_gold_coverage": 0.7883597883597884,
          "distractor_to_gold_ratio": 3.5441666666666665,
          "retrieval_latency_ms": 2386.398210922877,
          "retrieved_context_token_count": 496.985
        },
        "low": {
          "question_count": 300,
          "qa_accuracy": 0.68,
          "answerable_accuracy": 0.68,
          "gold_coverage_at_k": 0.5944444444444444,
          "complete_support_rate": 0.5933333333333334,
          "answerable_zero_gold_rate": 0.4033333333333333,
          "answerable_zero_gold_count": 121,
          "correct_without_complete_support_rate": 0.1568627450980392,
          "correct_avg_matched_node_count": 2.6519607843137254,
          "correct_avg_gold_coverage": 0.8431372549019608,
          "distractor_to_gold_ratio": 0.9466666666666667,
          "retrieval_latency_ms": 2268.685394128164,
          "retrieved_context_token_count": 206.62333333333333
        }
      },
      "answer_format": {
        "multiple_choice": {
          "question_count": 900,
          "qa_accuracy": 0.5066666666666667,
          "answerable_accuracy": 0.5066666666666667,
          "gold_coverage_at_k": 0.5611111111111111,
          "complete_support_rate": 0.38666666666666666,
          "answerable_zero_gold_rate": 0.2688888888888889,
          "answerable_zero_gold_count": 242,
          "correct_without_complete_support_rate": 0.29385964912280704,
          "correct_avg_matched_node_count": 5.3464912280701755,
          "correct_avg_gold_coverage": 0.8128654970760234,
          "distractor_to_gold_ratio": 2.6783333333333332,
          "retrieval_latency_ms": 2347.160605324639,
          "retrieved_context_token_count": 400.1977777777778
        }
      }
    },
    "notes": {
      "task_type": "recommended as the main task-structure breakdown when available because it directly reflects the benchmark's target question types.",
      "difficulty_level": "retained as a default breakdown because low/high still provides a compact view of evidence complexity without requiring gold-node-count grouping in the main paper.",
      "gold_node_count": "retained per question for optional appendix analysis because it indicates how many version-memory nodes are required to support an answer.",
      "retrieval_failure_metric": "answerable_zero_gold_rate measures how often an answerable question retrieved no gold support at all; correct_without_complete_support_rate measures how often a correct answer was produced without fully retrieving the required gold evidence.",
      "correct_answer_retrieval_metric": "correct_avg_matched_node_count and correct_avg_gold_coverage characterize how much chain evidence the retriever actually returned on questions that were answered correctly.",