{
  "n_rows": 3600,
  "n_questions": 900,
  "n_systems": 4,
  "task_rows": [
    {
      "contrast": "Cross vs Single",
      "log_odds": -1.3336530741596948,
      "log_odds_sd": 0.06707675730857315,
      "odds_ratio": 0.2635128688218439,
      "or_ci_low": 0.23104945083670667,
      "or_ci_high": 0.3005375333429989
    },
    {
      "contrast": "Temporal vs Single",
      "log_odds": -2.230515885450046,
      "log_odds_sd": 0.06734187501752258,
      "odds_ratio": 0.10747297208945114,
      "or_ci_low": 0.09418390607240165,
      "or_ci_high": 0.1226370853727474
    }
  ]
}