{
  "systems": [
    {
      "system_name": "Graphiti",
      "summary": {
        "question_count": 900,
        "qa_accuracy": 0.6244444444444445,
        "answerable_accuracy": 0.6244444444444445,
        "gold_coverage_at_k": 0.7273148148148149,
        "complete_support_rate": 0.55,
        "answerable_zero_gold_rate": 0.12444444444444444,
        "answerable_zero_gold_count": 112,
        "correct_without_complete_support_rate": 0.16370106761565836,
        "correct_avg_matched_node_count": 5.923487544483986,
        "correct_avg_gold_coverage": 0.9279359430604982,
        "distractor_to_gold_ratio": 1.9959259259259259,
        "retrieval_latency_ms": 34425.764706134796,
        "retrieved_context_token_count": 533.3588888888889
      },
      "question_count": 900
    }
  ]
}
