{
  "system_name": "Graphiti",
  "summary": {
    "overall": {
      "question_count": 900,
      "qa_accuracy": 0.6244444444444445,
      "answerable_accuracy": 0.6244444444444445,
      "gold_coverage_at_k": 0.7273148148148149,
      "complete_support_rate": 0.55,
      "answerable_zero_gold_rate": 0.12444444444444444,
      "answerable_zero_gold_count": 112,
      "correct_without_complete_support_rate": 0.16370106761565836,
      "correct_avg_matched_node_count": 5.923487544483986,
      "correct_avg_gold_coverage": 0.9279359430604982,
      "distractor_to_gold_ratio": 1.9959259259259259,
      "retrieval_latency_ms": 34425.764706134796,
      "retrieved_context_token_count": 533.3588888888889
    },
    "breakdowns": {
      "domain": {
        "github_evolution": {
          "question_count": 900,
          "qa_accuracy": 0.6244444444444445,
          "answerable_accuracy": 0.6244444444444445,
          "gold_coverage_at_k": 0.7273148148148149,
          "complete_support_rate": 0.55,
          "answerable_zero_gold_rate": 0.12444444444444444,
          "answerable_zero_gold_count": 112,
          "correct_without_complete_support_rate": 0.16370106761565836,
          "correct_avg_matched_node_count": 5.923487544483986,
          "correct_avg_gold_coverage": 0.9279359430604982,
          "distractor_to_gold_ratio": 1.9959259259259259,
          "retrieval_latency_ms": 34425.764706134796,
          "retrieved_context_token_count": 533.3588888888889
        }
      },
      "split": {
        "prototype": {
          "question_count": 900,
          "qa_accuracy": 0.6244444444444445,
          "answerable_accuracy": 0.6244444444444445,
          "gold_coverage_at_k": 0.7273148148148149,
          "complete_support_rate": 0.55,
          "answerable_zero_gold_rate": 0.12444444444444444,
          "answerable_zero_gold_count": 112,
          "correct_without_complete_support_rate": 0.16370106761565836,
          "correct_avg_matched_node_count": 5.923487544483986,
          "correct_avg_gold_coverage": 0.9279359430604982,
          "distractor_to_gold_ratio": 1.9959259259259259,
          "retrieval_latency_ms": 34425.764706134796,
          "retrieved_context_token_count": 533.3588888888889
        }
      },
      "task_type": {
        "cross_version_comparison": {
          "question_count": 300,
          "qa_accuracy": 0.67,
          "answerable_accuracy": 0.67,
          "gold_coverage_at_k": 0.7416666666666667,
          "complete_support_rate": 0.5466666666666666,
          "answerable_zero_gold_rate": 0.06333333333333334,
          "answerable_zero_gold_count": 19,
          "correct_without_complete_support_rate": 0.1890547263681592,
          "correct_avg_matched_node_count": 7.417910447761194,
          "correct_avg_gold_coverage": 0.9054726368159204,
          "distractor_to_gold_ratio": 2.9966666666666666,
          "retrieval_latency_ms": 34915.25013128916,
          "retrieved_context_token_count": 539.11
        },
        "single_state_lookup": {
          "question_count": 300,
          "qa_accuracy": 0.7266666666666667,
          "answerable_accuracy": 0.7266666666666667,
          "gold_coverage_at_k": 0.7266666666666667,
          "complete_support_rate": 0.7266666666666667,
          "answerable_zero_gold_rate": 0.2733333333333333,
          "answerable_zero_gold_count": 82,
          "correct_without_complete_support_rate": 0.01834862385321101,
          "correct_avg_matched_node_count": 2.9174311926605503,
          "correct_avg_gold_coverage": 0.981651376146789,
          "distractor_to_gold_ratio": 0.8866666666666667,
          "retrieval_latency_ms": 34321.165969371796,
          "retrieved_context_token_count": 224.58
        },
        "temporal_version_ordering": {
          "question_count": 300,
          "qa_accuracy": 0.4766666666666667,
          "answerable_accuracy": 0.4766666666666667,
          "gold_coverage_at_k": 0.7136111111111112,
          "complete_support_rate": 0.37666666666666665,
          "answerable_zero_gold_rate": 0.03666666666666667,
          "answerable_zero_gold_count": 11,
          "correct_without_complete_support_rate": 0.34965034965034963,
          "correct_avg_matched_node_count": 8.405594405594405,
          "correct_avg_gold_coverage": 0.8776223776223776,
          "distractor_to_gold_ratio": 2.104444444444445,
          "retrieval_latency_ms": 34040.87801774343,
          "retrieved_context_token_count": 836.3866666666667
        }
      },
      "difficulty_level": {
        "high": {
          "question_count": 600,
          "qa_accuracy": 0.5733333333333334,
          "answerable_accuracy": 0.5733333333333334,
          "gold_coverage_at_k": 0.7276388888888888,
          "complete_support_rate": 0.46166666666666667,
          "answerable_zero_gold_rate": 0.05,
          "answerable_zero_gold_count": 30,
          "correct_without_complete_support_rate": 0.2558139534883721,
          "correct_avg_matched_node_count": 7.828488372093023,
          "correct_avg_gold_coverage": 0.8938953488372093,
          "distractor_to_gold_ratio": 2.5505555555555555,
          "retrieval_latency_ms": 34478.0640745163,
          "retrieved_context_token_count": 687.7483333333333
        },
        "low": {
          "question_count": 300,
          "qa_accuracy": 0.7266666666666667,
          "answerable_accuracy": 0.7266666666666667,
          "gold_coverage_at_k": 0.7266666666666667,
          "complete_support_rate": 0.7266666666666667,
          "answerable_zero_gold_rate": 0.2733333333333333,
          "answerable_zero_gold_count": 82,
          "correct_without_complete_support_rate": 0.01834862385321101,
          "correct_avg_matched_node_count": 2.9174311926605503,
          "correct_avg_gold_coverage": 0.981651376146789,
          "distractor_to_gold_ratio": 0.8866666666666667,
          "retrieval_latency_ms": 34321.165969371796,
          "retrieved_context_token_count": 224.58
        }
      },
      "answer_format": {
        "multiple_choice": {
          "question_count": 900,
          "qa_accuracy": 0.6244444444444445,
          "answerable_accuracy": 0.6244444444444445,
          "gold_coverage_at_k": 0.7273148148148149,
          "complete_support_rate": 0.55,
          "answerable_zero_gold_rate": 0.12444444444444444,
          "answerable_zero_gold_count": 112,
          "correct_without_complete_support_rate": 0.16370106761565836,
          "correct_avg_matched_node_count": 5.923487544483986,
          "correct_avg_gold_coverage": 0.9279359430604982,
          "distractor_to_gold_ratio": 1.9959259259259259,
          "retrieval_latency_ms": 34425.764706134796,
          "retrieved_context_token_count": 533.3588888888889
        }
      }
    },
    "notes": {
      "task_type": "recommended as the main task-structure breakdown when available because it directly reflects the benchmark's target question types.",
      "difficulty_level": "retained as a default breakdown because low/high still provides a compact view of evidence complexity without requiring gold-node-count grouping in the main paper.",
      "gold_node_count": "retained per question for optional appendix analysis because it indicates how many version-memory nodes are required to support an answer.",
      "retrieval_failure_metric": "answerable_zero_gold_rate measures how often an answerable question retrieved no gold support at all; correct_without_complete_support_rate measures how often a correct answer was produced without fully retrieving the required gold evidence.",
      "correct_answer_retrieval_metric": "correct_avg_matched_node_count and correct_avg_gold_coverage characterize how much chain evidence the retriever actually returned on questions that were answered correctly.",