{
  "systems": [
    {
      "system_name": "FAISS Vector Store",
      "summary": {
        "question_count": 900,
        "qa_accuracy": 0.8044444444444444,
        "answerable_accuracy": 0.8044444444444444,
        "gold_coverage_at_k": 0.9007407407407407,
        "complete_support_rate": 0.7888888888888889,
        "answerable_zero_gold_rate": 0.021111111111111112,
        "answerable_zero_gold_count": 19,
        "correct_without_complete_support_rate": 0.08701657458563536,
        "correct_avg_matched_node_count": 6.509668508287293,
        "correct_avg_gold_coverage": 0.9673112338858195,
        "distractor_to_gold_ratio": 1.374537037037037,
        "retrieval_latency_ms": 195.11705186631946,
        "retrieved_context_token_count": 579.4811111111111
      },
      "question_count": 900
    }
  ]
}
