{
  "system_name": "FAISS Vector Store",
  "summary": {
    "overall": {
      "question_count": 900,
      "qa_accuracy": 0.8044444444444444,
      "answerable_accuracy": 0.8044444444444444,
      "gold_coverage_at_k": 0.9007407407407407,
      "complete_support_rate": 0.7888888888888889,
      "answerable_zero_gold_rate": 0.021111111111111112,
      "answerable_zero_gold_count": 19,
      "correct_without_complete_support_rate": 0.08701657458563536,
      "correct_avg_matched_node_count": 6.509668508287293,
      "correct_avg_gold_coverage": 0.9673112338858195,
      "distractor_to_gold_ratio": 1.374537037037037,
      "retrieval_latency_ms": 195.11705186631946,
      "retrieved_context_token_count": 579.4811111111111
    },
    "breakdowns": {
      "domain": {
        "github_evolution": {
          "question_count": 900,
          "qa_accuracy": 0.8044444444444444,
          "answerable_accuracy": 0.8044444444444444,
          "gold_coverage_at_k": 0.9007407407407407,
          "complete_support_rate": 0.7888888888888889,
          "answerable_zero_gold_rate": 0.021111111111111112,
          "answerable_zero_gold_count": 19,
          "correct_without_complete_support_rate": 0.08701657458563536,
          "correct_avg_matched_node_count": 6.509668508287293,
          "correct_avg_gold_coverage": 0.9673112338858195,
          "distractor_to_gold_ratio": 1.374537037037037,
          "retrieval_latency_ms": 195.11705186631946,
          "retrieved_context_token_count": 579.4811111111111
        }
      },
      "split": {
        "prototype": {
          "question_count": 900,
          "qa_accuracy": 0.8044444444444444,
          "answerable_accuracy": 0.8044444444444444,
          "gold_coverage_at_k": 0.9007407407407407,
          "complete_support_rate": 0.7888888888888889,
          "answerable_zero_gold_rate": 0.021111111111111112,
          "answerable_zero_gold_count": 19,
          "correct_without_complete_support_rate": 0.08701657458563536,
          "correct_avg_matched_node_count": 6.509668508287293,
          "correct_avg_gold_coverage": 0.9673112338858195,
          "distractor_to_gold_ratio": 1.374537037037037,
          "retrieval_latency_ms": 195.11705186631946,
          "retrieved_context_token_count": 579.4811111111111
        }
      },
      "task_type": {
        "cross_version_comparison": {
          "question_count": 300,
          "qa_accuracy": 0.84,
          "answerable_accuracy": 0.84,
          "gold_coverage_at_k": 0.8916666666666667,
          "complete_support_rate": 0.7933333333333333,
          "answerable_zero_gold_rate": 0.01,
          "answerable_zero_gold_count": 3,
          "correct_without_complete_support_rate": 0.07142857142857142,
          "correct_avg_matched_node_count": 7.920634920634921,
          "correct_avg_gold_coverage": 0.9642857142857143,
          "distractor_to_gold_ratio": 2.0566666666666666,
          "retrieval_latency_ms": 198.24709177017212,
          "retrieved_context_token_count": 611.9833333333333
        },
        "single_state_lookup": {
          "question_count": 300,
          "qa_accuracy": 0.9433333333333334,
          "answerable_accuracy": 0.9433333333333334,
          "gold_coverage_at_k": 0.95,
          "complete_support_rate": 0.95,
          "answerable_zero_gold_rate": 0.05,
          "answerable_zero_gold_count": 15,
          "correct_without_complete_support_rate": 0.0035335689045936395,
          "correct_avg_matched_node_count": 2.9823321554770317,
          "correct_avg_gold_coverage": 0.9964664310954063,
          "distractor_to_gold_ratio": 0.26,
          "retrieval_latency_ms": 193.81259520848593,
          "retrieved_context_token_count": 270.17
        },
        "temporal_version_ordering": {
          "question_count": 300,
          "qa_accuracy": 0.63,
          "answerable_accuracy": 0.63,
          "gold_coverage_at_k": 0.8605555555555556,
          "complete_support_rate": 0.6233333333333333,
          "answerable_zero_gold_rate": 0.0033333333333333335,
          "answerable_zero_gold_count": 1,
          "correct_without_complete_support_rate": 0.2328042328042328,
          "correct_avg_matched_node_count": 9.91005291005291,
          "correct_avg_gold_coverage": 0.9276895943562611,
          "distractor_to_gold_ratio": 1.8069444444444445,
          "retrieval_latency_ms": 193.2914686203003,
          "retrieved_context_token_count": 856.29
        }
      },
      "difficulty_level": {
        "high": {
          "question_count": 600,
          "qa_accuracy": 0.735,
          "answerable_accuracy": 0.735,
          "gold_coverage_at_k": 0.8761111111111111,
          "complete_support_rate": 0.7083333333333334,
          "answerable_zero_gold_rate": 0.006666666666666667,
          "answerable_zero_gold_count": 4,
          "correct_without_complete_support_rate": 0.14058956916099774,
          "correct_avg_matched_node_count": 8.773242630385488,
          "correct_avg_gold_coverage": 0.9486016628873771,
          "distractor_to_gold_ratio": 1.9318055555555553,
          "retrieval_latency_ms": 195.7692801952362,
          "retrieved_context_token_count": 734.1366666666667
        },
        "low": {
          "question_count": 300,
          "qa_accuracy": 0.9433333333333334,
          "answerable_accuracy": 0.9433333333333334,
          "gold_coverage_at_k": 0.95,
          "complete_support_rate": 0.95,
          "answerable_zero_gold_rate": 0.05,
          "answerable_zero_gold_count": 15,
          "correct_without_complete_support_rate": 0.0035335689045936395,
          "correct_avg_matched_node_count": 2.9823321554770317,
          "correct_avg_gold_coverage": 0.9964664310954063,
          "distractor_to_gold_ratio": 0.26,
          "retrieval_latency_ms": 193.81259520848593,
          "retrieved_context_token_count": 270.17
        }
      },
      "answer_format": {
        "multiple_choice": {
          "question_count": 900,
          "qa_accuracy": 0.8044444444444444,
          "answerable_accuracy": 0.8044444444444444,
          "gold_coverage_at_k": 0.9007407407407407,
          "complete_support_rate": 0.7888888888888889,
          "answerable_zero_gold_rate": 0.021111111111111112,
          "answerable_zero_gold_count": 19,
          "correct_without_complete_support_rate": 0.08701657458563536,
          "correct_avg_matched_node_count": 6.509668508287293,
          "correct_avg_gold_coverage": 0.9673112338858195,
          "distractor_to_gold_ratio": 1.374537037037037,
          "retrieval_latency_ms": 195.11705186631946,
          "retrieved_context_token_count": 579.4811111111111
        }
      }
    },
    "notes": {
      "task_type": "recommended as the main task-structure breakdown when available because it directly reflects the benchmark's target question types.",
      "difficulty_level": "retained as a default breakdown because low/high still provides a compact view of evidence complexity without requiring gold-node-count grouping in the main paper.",
      "gold_node_count": "retained per question for optional appendix analysis because it indicates how many version-memory nodes are required to support an answer.",
      "retrieval_failure_metric": "answerable_zero_gold_rate measures how often an answerable question retrieved no gold support at all; correct_without_complete_support_rate measures how often a correct answer was produced without fully retrieving the required gold evidence.",
      "correct_answer_retrieval_metric": "correct_avg_matched_node_count and correct_avg_gold_coverage characterize how much chain evidence the retriever actually returned on questions that were answered correctly.",