{
  "systems": [
    {
      "system_name": "BM25",
      "summary": {
        "question_count": 900,
        "qa_accuracy": 0.5311111111111111,
        "answerable_accuracy": 0.5311111111111111,
        "gold_coverage_at_k": 0.6492592592592593,
        "complete_support_rate": 0.49333333333333335,
        "answerable_zero_gold_rate": 0.20777777777777778,
        "answerable_zero_gold_count": 187,
        "correct_without_complete_support_rate": 0.1192468619246862,
        "correct_avg_matched_node_count": 3.6757322175732217,
        "correct_avg_gold_coverage": 0.9473500697350069,
        "distractor_to_gold_ratio": 1.0316666666666667,
        "retrieval_latency_ms": 1110.630038579305,
        "retrieved_context_token_count": 340.5711111111111
      },
      "question_count": 900
    }
  ]
}
